"#CHROM","POS","REF","ALT","QUAL","Allele_Frequency"
"Brisbane_PB1_codon_mutant",4,"G","A","4196","0.920455"
"Brisbane_M_codon_mutant_",92,"G","C","49314","0.281036"
"brisbane_NS_codon_mutant",100,"A","G","522","0.004658"
"Brisbane_PB2_codon_mutant",111,"G","A","86","0.003482"
"Brisbane_NP_codon_mutant",144,"T","C","152","0.003563"
"Brisbane_PB1_codon_mutant",150,"A","C","30426","0.150966"
"Brisbane_NP_codon_mutant",159,"A","G","70","0.003308"
"Brisbane_NA_codon_mutant",187,"A","G","297","0.004488"
"brisbane_NS_codon_mutant",188,"C","T","217","0.003135"
"Brisbane_PA_codon_mutant",195,"A","G","109","0.004045"
"brisbane_NS_codon_mutant",203,"T","G","49314","0.303698"
"Brisbane_PA_codon_mutant",208,"A","T","513","0.009028"
"Brisbane_M_codon_mutant_",209,"T","G","49314","0.511695"
"Brisbane_PB1_codon_mutant",216,"G","A","157","0.004085"
"brisbane_HA_codon_mutant",217,"A","G","164","0.004351"
"Brisbane_NA_codon_mutant",217,"A","G","136","0.004201"
"Brisbane_PB2_codon_mutant",218,"C","T","309","0.005083"
"Brisbane_NA_codon_mutant",243,"G","A","49314","0.237696"
"Brisbane_PB2_codon_mutant",270,"G","A","2359","0.016535"
"brisbane_HA_codon_mutant",287,"A","G","559","0.006591"
"Brisbane_NP_codon_mutant",287,"A","G","129","0.002595"
"Brisbane_NA_codon_mutant",292,"T","C","827","0.005908"
"Brisbane_NP_codon_mutant",307,"G","A","396","0.003864"
"brisbane_NS_codon_mutant",314,"A","G","1443","0.008290"
"Brisbane_NA_codon_mutant",323,"A","T","514","0.004671"
"Brisbane_NA_codon_mutant",326,"A","G","232","0.003895"
"Brisbane_PB2_codon_mutant",337,"C","A","96","0.002925"
"brisbane_HA_codon_mutant",339,"G","A","2367","0.013945"
"Brisbane_NP_codon_mutant",347,"A","G","15003","0.047254"
"Brisbane_M_codon_mutant_",364,"A","G","236","0.002732"
"Brisbane_M_codon_mutant_",367,"A","C","632","0.004516"
"brisbane_NS_codon_mutant",375,"G","A","177","0.002381"
"Brisbane_PB2_codon_mutant",378,"C","T","164","0.003937"
"Brisbane_NP_codon_mutant",387,"A","C","100","0.002744"
"brisbane_HA_codon_mutant",388,"G","A","6505","0.024435"
"brisbane_HA_codon_mutant",390,"G","A","380","0.005330"
"brisbane_HA_codon_mutant",391,"A","G","88","0.002796"
"Brisbane_M_codon_mutant_",402,"G","A","159","0.002425"
"Brisbane_NA_codon_mutant",416,"T","G","3822","0.028095"
"Brisbane_NA_codon_mutant",420,"C","T","90","0.004521"
"Brisbane_PA_codon_mutant",423,"A","C","83","0.005331"
"Brisbane_PB2_codon_mutant",429,"C","T","2830","0.019460"
"brisbane_NS_codon_mutant",440,"T","C","1031","0.006807"
"brisbane_NS_codon_mutant",441,"G","A","82","0.002096"
"Brisbane_M_codon_mutant_",443,"A","G","49314","0.171574"
"Brisbane_M_codon_mutant_",444,"C","T","326","0.003157"
"brisbane_HA_codon_mutant",465,"G","T","113","0.002374"
"Brisbane_NA_codon_mutant",486,"A","C","295","0.004013"
"brisbane_NS_codon_mutant",506,"T","C","405","0.003752"
"Brisbane_M_codon_mutant_",529,"A","G","1121","0.006453"
"Brisbane_PB2_codon_mutant",535,"A","G","1575","0.011914"
"brisbane_HA_codon_mutant",563,"G","A","139","0.002768"
"Brisbane_PB2_codon_mutant",567,"G","T","1114","0.010179"
"brisbane_NS_codon_mutant",584,"A","G","3447","0.013023"
"Brisbane_PB2_codon_mutant",587,"A","T","125","0.003703"
"brisbane_HA_codon_mutant",592,"A","G","342","0.004546"
"Brisbane_PB1_codon_mutant",594,"A","G","69","0.003915"
"Brisbane_M_codon_mutant_",599,"A","G","145","0.002745"
"Brisbane_PA_codon_mutant",615,"C","A","49314","0.266457"
"brisbane_HA_codon_mutant",620,"T","C","156","0.002294"
"Brisbane_NP_codon_mutant",621,"G","A","360","0.004644"
"brisbane_HA_codon_mutant",626,"G","A","376","0.003999"
"Brisbane_PB2_codon_mutant",653,"G","A","82","0.002786"
"brisbane_HA_codon_mutant",666,"A","G","139","0.002702"
"brisbane_HA_codon_mutant",673,"A","G","6960","0.021049"
"Brisbane_NA_codon_mutant",682,"A","G","170","0.002994"
"brisbane_HA_codon_mutant",703,"G","A","116","0.003163"
"Brisbane_NA_codon_mutant",704,"G","A","144","0.003940"
"brisbane_HA_codon_mutant",705,"A","G","107","0.002700"
"Brisbane_PB2_codon_mutant",706,"G","A","72","0.002460"
"Brisbane_PA_codon_mutant",707,"A","G","72","0.003183"
"Brisbane_M_codon_mutant_",716,"A","C","2781","0.013194"
"Brisbane_NP_codon_mutant",729,"A","G","85","0.001931"
"Brisbane_PB2_codon_mutant",741,"A","G","111","0.002792"
"Brisbane_NA_codon_mutant",762,"A","G","4882","0.020119"
"Brisbane_M_codon_mutant_",764,"C","T","81","0.002043"
"Brisbane_PA_codon_mutant",777,"A","G","125","0.004803"
"brisbane_HA_codon_mutant",785,"A","G","94","0.002412"
"Brisbane_M_codon_mutant_",785,"T","C","369","0.004067"
"Brisbane_PB2_codon_mutant",790,"G","T","88","0.002211"
"brisbane_NS_codon_mutant",798,"G","A","769","0.006831"
"Brisbane_PB1_codon_mutant",810,"A","C","286","0.006296"
"brisbane_HA_codon_mutant",853,"G","A","943","0.006980"
"brisbane_HA_codon_mutant",857,"A","G","460","0.005239"
"brisbane_NS_codon_mutant",866,"G","A","49314","0.524601"
"brisbane_HA_codon_mutant",867,"T","G","13492","0.039906"
"brisbane_HA_codon_mutant",887,"T","A","136","0.003110"
"brisbane_HA_codon_mutant",890,"A","G","434","0.003974"
"Brisbane_M_codon_mutant_",894,"A","G","607","0.006592"
"Brisbane_NP_codon_mutant",903,"C","T","167","0.003562"
"brisbane_HA_codon_mutant",914,"G","T","82","0.002016"
"Brisbane_PB1_codon_mutant",916,"A","G","71","0.003346"
"Brisbane_PA_codon_mutant",937,"T","C","92","0.004126"
"brisbane_HA_codon_mutant",965,"G","A","66","0.002420"
"Brisbane_PA_codon_mutant",977,"A","G","493","0.007995"
"brisbane_HA_codon_mutant",999,"G","A","256","0.003095"
"Brisbane_NA_codon_mutant",1014,"G","A","518","0.007371"
"Brisbane_PB1_codon_mutant",1015,"G","A","5434","0.038868"
"Brisbane_PB2_codon_mutant",1017,"T","C","469","0.006540"
"brisbane_HA_codon_mutant",1018,"G","A","342","0.003715"
"brisbane_HA_codon_mutant",1020,"A","C","269","0.003166"
"Brisbane_NP_codon_mutant",1026,"G","A","382","0.004942"
"brisbane_HA_codon_mutant",1031,"A","C","349","0.003215"
"Brisbane_PA_codon_mutant",1044,"A","G","109","0.004382"
"Brisbane_NA_codon_mutant",1061,"A","G","111","0.003607"
"Brisbane_NP_codon_mutant",1068,"A","C","664","0.005603"
"brisbane_HA_codon_mutant",1077,"A","T","3636","0.014480"
"Brisbane_PB2_codon_mutant",1091,"C","T","529","0.007124"
"Brisbane_PB2_codon_mutant",1113,"G","A","5424","0.030436"
"Brisbane_NP_codon_mutant",1114,"A","G","106","0.002200"
"Brisbane_PB2_codon_mutant",1132,"A","G","96","0.003405"
"Brisbane_PB2_codon_mutant",1137,"A","T","189","0.003074"
"Brisbane_PB2_codon_mutant",1159,"A","G","118","0.002555"
"Brisbane_NP_codon_mutant",1159,"G","A","95","0.002450"
"Brisbane_NP_codon_mutant",1164,"T","G","3516","0.016665"
"Brisbane_PB2_codon_mutant",1192,"A","G","125","0.002421"
"Brisbane_PB2_codon_mutant",1197,"C","A","140","0.003793"
"Brisbane_PB2_codon_mutant",1212,"C","A","510","0.008525"
"brisbane_HA_codon_mutant",1218,"A","T","142","0.002223"
"brisbane_HA_codon_mutant",1222,"C","A","2627","0.014531"
"Brisbane_PA_codon_mutant",1231,"T","G","406","0.009887"
"brisbane_HA_codon_mutant",1231,"A","C","49314","0.275738"
"brisbane_HA_codon_mutant",1251,"A","G","332","0.004659"
"Brisbane_PB2_codon_mutant",1256,"T","C","349","0.005620"
"Brisbane_PB2_codon_mutant",1263,"A","G","87","0.003382"
"Brisbane_NA_codon_mutant",1283,"C","T","1681","0.017105"
"brisbane_HA_codon_mutant",1309,"A","G","824","0.006839"
"brisbane_HA_codon_mutant",1340,"A","T","1055","0.007631"
"brisbane_HA_codon_mutant",1358,"G","T","1896","0.013089"
"Brisbane_PA_codon_mutant",1359,"C","T","165","0.004237"
"brisbane_HA_codon_mutant",1370,"A","G","168","0.003428"
"Brisbane_PA_codon_mutant",1379,"A","G","506","0.006490"
"Brisbane_PB2_codon_mutant",1387,"A","G","2075","0.013563"
"Brisbane_PA_codon_mutant",1389,"C","T","834","0.009635"
"Brisbane_PB2_codon_mutant",1426,"A","T","506","0.005622"
"Brisbane_PB2_codon_mutant",1494,"C","T","49314","0.180757"
"brisbane_HA_codon_mutant",1561,"A","G","73","0.002004"
"brisbane_HA_codon_mutant",1568,"C","T","72","0.003752"
"Brisbane_PB1_codon_mutant",1599,"T","A","81","0.003168"
"Brisbane_PA_codon_mutant",1599,"T","C","450","0.007553"
"Brisbane_PB2_codon_mutant",1604,"A","G","1599","0.010582"
"Brisbane_PB2_codon_mutant",1689,"C","T","1048","0.008468"
"Brisbane_PA_codon_mutant",1700,"G","A","141","0.003799"
"brisbane_HA_codon_mutant",1738,"G","A","21639","0.080503"
"brisbane_HA_codon_mutant",1743,"A","G","77","0.002401"
"Brisbane_PA_codon_mutant",1771,"C","A","71","0.002744"
"Brisbane_PB1_codon_mutant",1774,"C","T","1955","0.019898"
"Brisbane_PB1_codon_mutant",1782,"A","G","93","0.004398"
"Brisbane_PA_codon_mutant",1786,"T","C","439","0.009817"
"Brisbane_PB2_codon_mutant",1789,"A","G","367","0.004796"
"Brisbane_PB1_codon_mutant",1803,"T","C","120","0.004750"
"Brisbane_PB1_codon_mutant",1806,"A","G","145","0.004046"
"Brisbane_PA_codon_mutant",1810,"A","G","85","0.003143"
"Brisbane_PB1_codon_mutant",1913,"C","T","91","0.003681"
"Brisbane_PA_codon_mutant",1932,"G","T","88","0.003138"
"Brisbane_PB2_codon_mutant",2019,"A","G","103","0.003348"
"Brisbane_PB1_codon_mutant",2049,"G","A","244","0.006254"
"Brisbane_PB1_codon_mutant",2068,"A","G","82","0.003921"
"Brisbane_PB1_codon_mutant",2082,"G","A","195","0.005479"
"Brisbane_PA_codon_mutant",2084,"A","G","117","0.003457"
"Brisbane_PB2_codon_mutant",2085,"G","A","5334","0.030312"
"Brisbane_PB1_codon_mutant",2163,"T","C","907","0.016638"
"Brisbane_PB2_codon_mutant",2189,"A","G","159","0.005702"
"Brisbane_PA_codon_mutant",2195,"T","C","15884","0.113605"
"Brisbane_PB2_codon_mutant",2329,"C","A","203","0.005877"
